wavelength,flux
3459.44043,8.782369E-15
3462.395053,5.97733e-15
3465.349676,7.011376E-15
3468.304299,8.503608E-15
3471.258923,9.921285E-15
3474.213546,8.935193E-15
3477.168169,7.727891E-15
3480.122792,8.816955E-15
3483.077415,8.682615E-15
3486.032039,8.615447E-15
3488.986662,8.636523E-15
3491.941285,8.622736E-15
3494.895908,9.104083E-15
3497.850532,8.978709E-15
3500.805155,8.628905E-15
3503.759778,9.326594E-15
3506.714401,9.190233E-15
3509.669024,8.30831e-15
3512.623648,7.84524e-15
3515.578271,8.45162e-15
3518.532894,8.89781e-15
3521.487517,8.945293E-15
3524.442141,8.23944e-15
3527.396764,7.845881E-15
3530.351387,8.635685E-15
3533.30601,9.187841E-15
3536.260633,9.430427E-15
3539.215257,8.655986E-15
3542.16988,7.994885E-15
3545.124503,8.564398E-15
3548.079126,9.163902E-15
3551.03375,9.6285e-15
3553.988373,9.843018E-15
3556.942996,9.34723e-15
3559.897619,9.004016E-15
3562.852242,8.951328E-15
3565.806866,8.662469E-15
3568.761489,8.510566E-15
3571.716112,8.342605E-15
3574.670735,7.715184E-15
3577.625359,8.142683E-15
3580.579982,9.46553e-15
3583.534605,9.34001e-15
3586.489228,8.830025E-15
3589.443851,8.320258E-15
3592.398475,8.234078E-15
3595.353098,8.23594e-15
3598.307721,7.919875E-15
3601.262344,8.266028E-15
3604.216968,8.622114E-15
3607.171591,8.748534E-15
3610.126214,8.748574E-15
3613.080837,8.345163E-15
3616.03546,8.413978E-15
3618.990084,8.855663E-15
3621.944707,8.969776E-15
3624.89933,9.071952E-15
3627.853953,9.077034E-15
3630.808577,9.018259E-15
3633.7632,9.119181E-15
3636.717823,9.261876E-15
3639.672446,9.549438E-15
3642.627069,9.669914E-15
3645.581693,9.823992E-15
3648.536316,9.551094E-15
3651.490939,9.086538E-15
3654.445562,8.832389E-15
3657.400186,9.443639E-15
3660.354809,9.649731E-15
3663.309432,9.694745E-15
3666.264055,9.816046E-15
3669.218678,9.709116E-15
3672.173302,9.306226E-15
3675.127925,9.120244E-15
3678.082548,9.547906E-15
3681.037171,9.303929E-15
3683.991795,9.17489e-15
3686.946418,9.404816E-15
3689.901041,9.556399E-15
3692.855664,9.964995E-15
3695.810287,1.033999E-14
3698.764911,9.761657E-15
3701.719534,9.496428E-15
3704.674157,9.99041e-15
3707.62878,1.028351E-14
3710.583404,1.015755E-14
3713.538027,9.782875E-15
3716.49265,1.014101E-14
3719.447273,1.043695E-14
3722.401896,1.03867e-14
3725.35652,1.000647E-14
3728.311143,1.005772E-14
3731.265766,1.038984E-14
3734.220389,1.0608e-14
3737.175013,1.024243E-14
3740.129636,1.021121E-14
3743.084259,1.0519e-14
3746.038882,1.042739E-14
3748.993505,1.074269E-14
3751.948129,1.044004E-14
3754.902752,9.932796E-15
3757.857375,9.824777E-15
3760.811998,9.886025E-15
3763.766622,1.011285E-14
3766.721245,1.062472E-14
3769.675868,1.090208E-14
3772.630491,1.070589E-14
3775.585114,1.073322E-14
3778.539738,1.105326E-14
3781.494361,1.094576E-14
3784.448984,1.066221E-14
3787.403607,1.070065E-14
3790.358231,1.055454E-14
3793.312854,1.04318e-14
3796.267477,1.032668E-14
3799.2221,1.055225E-14
3802.176723,1.070098E-14
3805.131347,1.073191E-14
3808.08597,1.054105E-14
3811.040593,1.021511E-14
3813.995216,1.041132E-14
3816.94984,1.103102E-14
3819.904463,1.084034E-14
3822.859086,1.031873E-14
3825.813709,1.024458E-14
3828.768332,1.05425e-14
3831.722956,1.098968E-14
3834.677579,1.098343E-14
3837.632202,1.064926E-14
3840.586825,1.046445E-14
3843.541449,1.101181E-14
3846.496072,1.098487E-14
3849.450695,1.078882E-14
3852.405318,1.112512E-14
3855.359941,1.126763E-14
3858.314565,1.122015E-14
3861.269188,1.158072E-14
3864.223811,1.134585E-14
3867.178434,1.090644E-14
3870.133058,1.087047E-14
3873.087681,1.127536E-14
3876.042304,1.129492E-14
3878.996927,1.160491E-14
3881.95155,1.198633E-14
3884.906174,1.178246E-14
3887.860797,1.149533E-14
3890.81542,1.159078E-14
3893.770043,1.17325e-14
3896.724667,1.164001E-14
3899.67929,1.162493E-14
3902.633913,1.171402E-14
3905.588536,1.198163E-14
3908.543159,1.194223E-14
3911.497783,1.204164E-14
3914.452406,1.241568E-14
3917.407029,1.23085e-14
3920.361652,1.211306E-14
3923.316276,1.244822E-14
3926.270899,1.237105E-14
3929.225522,1.193158E-14
3932.180145,1.185691E-14
3935.134768,1.196117E-14
3938.089392,1.244612E-14
3941.044015,1.239562E-14
3943.998638,1.23601e-14
3946.953261,1.251757E-14
3949.907885,1.256717E-14
3952.862508,1.252757E-14
3955.817131,1.265444E-14
3958.771754,1.277135E-14
3961.726377,1.263206E-14
3964.681001,1.229328E-14
3967.635624,1.217544E-14
3970.590247,1.204014E-14
3973.54487,1.217327E-14
3976.499494,1.272696E-14
3979.454117,1.277491E-14
3982.40874,1.260389E-14
3985.363363,1.260818E-14
3988.317986,1.24863e-14
3991.27261,1.264261E-14
3994.227233,1.265359E-14
3997.181856,1.261631E-14
4000.136479,1.269138E-14
4003.091103,1.247756E-14
4006.045726,1.245796E-14
4009.000349,1.243837E-14
4011.954972,1.241877E-14
4014.909595,1.239918E-14
4017.864219,1.237958E-14
4020.818842,1.235999E-14
4023.773465,1.234039E-14
4026.728088,1.23208e-14
4029.682712,1.23012e-14
4032.637335,1.259488E-14
4035.591958,1.290409E-14
4038.546581,1.286538E-14
4041.501204,1.266796E-14
4044.455828,1.248238E-14
4047.410451,1.253474E-14
4050.365074,1.276615E-14
4053.319697,1.298779E-14
4056.274321,1.285908E-14
4059.228944,1.297265E-14
4062.183567,1.295693E-14
4065.13819,1.285084E-14
4068.092813,1.280822E-14
4071.047437,1.278852E-14
4074.00206,1.267485E-14
4076.956683,1.27632e-14
4079.911306,1.289407E-14
4082.86593,1.282431E-14
4085.820553,1.293686E-14
4088.775176,1.317858E-14
4091.729799,1.318746E-14
4094.684422,1.289684E-14
4097.639046,1.252774E-14
4100.593669,1.251532E-14
4103.548292,1.265999E-14
4106.502915,1.274391E-14
4109.457539,1.262137E-14
4112.412162,1.262433E-14
4115.366785,1.258123E-14
4118.321408,1.235258E-14
4121.276031,1.233537E-14
4124.230655,1.255155E-14
4127.185278,1.264121E-14
4130.139901,1.235215E-14
4133.094524,1.216364E-14
4136.049148,1.250643E-14
4139.003771,1.270015E-14
4141.958394,1.253324E-14
4144.913017,1.233137E-14
4147.86764,1.22185e-14
4150.822264,1.22019e-14
4153.776887,1.239316E-14
4156.73151,1.258593E-14
4159.686133,1.255699E-14
4162.640757,1.237614E-14
4165.59538,1.226807E-14
4168.550003,1.242444E-14
4171.504626,1.250066E-14
4174.459249,1.237143E-14
4177.413873,1.240269E-14
4180.368496,1.221389E-14
4183.323119,1.221705E-14
4186.277742,1.247709E-14
4189.232366,1.264829E-14
4192.186989,1.237702E-14
4195.141612,1.229243E-14
4198.096235,1.265874E-14
4201.050858,1.271262E-14
4204.005482,1.26364e-14
4206.960105,1.266821E-14
4209.914728,1.263951E-14
4212.869351,1.264505E-14
4215.823975,1.278051E-14
4218.778598,1.271274E-14
4221.733221,1.26162e-14
4224.687844,1.255681E-14
4227.642467,1.259779E-14
4230.597091,1.260328E-14
4233.551714,1.272379E-14
4236.506337,1.270476E-14
4239.46096,1.270834E-14
4242.415584,1.268115E-14
4245.370207,1.280805E-14
4248.32483,1.298285E-14
4251.279453,1.275632E-14
4254.234076,1.244202E-14
4257.1887,1.261303E-14
4260.143323,1.2963e-14
4263.097946,1.29468e-14
4266.052569,1.284283E-14
4271.961816,1.274442E-14
4274.916439,1.270875E-14
4277.871062,1.276597E-14
4280.825686,1.271284E-14
4283.780309,1.281307E-14
4286.734932,1.299404E-14
4289.689555,1.282856E-14
4292.644178,1.265847E-14
4295.598802,1.267116E-14
4298.553425,1.264402E-14
4301.508048,1.274207E-14
4304.462671,1.266373E-14
4307.417295,1.26889e-14
4310.371918,1.266017E-14
4313.326541,1.255334E-14
4316.281164,1.255219E-14
4319.235787,1.268759E-14
4322.190411,1.274291E-14
4325.145034,1.278364E-14
4328.099657,1.28364e-14
4331.05428,1.265994E-14
4334.008904,1.254704E-14
4336.963527,1.259506E-14
4339.91815,1.260729E-14
4342.872773,1.268297E-14
4345.827396,1.269941E-14
4348.78202,1.262896E-14
4351.736643,1.261315E-14
4354.691266,1.256791E-14
4357.645889,1.255949E-14
4360.600513,1.263365E-14
4363.555136,1.267847E-14
4366.509759,1.265264E-14
4369.464382,1.240457E-14
4372.419005,1.230592E-14
4375.373629,1.25005e-14
4378.328252,1.240399E-14
4381.282875,1.234998E-14
4384.237498,1.255642E-14
4387.192122,1.247967E-14
4390.146745,1.235786E-14
4393.101368,1.237665E-14
4396.055991,1.242646E-14
4399.010614,1.23265e-14
4401.965238,1.225787E-14
4404.919861,1.225687E-14
4407.874484,1.230434E-14
4410.829107,1.239178E-14
4413.783731,1.237712E-14
4416.738354,1.238413E-14
4419.692977,1.251958E-14
4422.6476,1.241646E-14
4425.602223,1.228042E-14
4428.556847,1.230438E-14
4431.51147,1.250973E-14
4434.466093,1.26642e-14
4437.420716,1.271904E-14
4440.37534,1.266347E-14
4443.329963,1.256511E-14
4446.284586,1.259819E-14
4449.239209,1.272539E-14
4452.193832,1.271796E-14
4455.148456,1.272239E-14
4458.103079,1.268449E-14
4461.057702,1.260444E-14
4464.012325,1.258404E-14
4466.966949,1.261265E-14
4469.921572,1.25923e-14
4472.876195,1.257302E-14
4475.830818,1.272478E-14
4478.785441,1.301945E-14
4481.740065,1.302087E-14
4484.694688,1.281994E-14
4487.649311,1.277608E-14
4490.603934,1.292147E-14
4493.558558,1.308209E-14
4496.513181,1.307588E-14
4499.467804,1.309396E-14
4502.422427,1.310594E-14
4505.37705,1.309822E-14
4508.331674,1.32217e-14
4511.286297,1.326488E-14
4514.24092,1.330711E-14
4517.195543,1.331365E-14
4520.150167,1.336011E-14
4523.10479,1.335829E-14
4526.059413,1.341248E-14
4529.014036,1.349632E-14
4531.968659,1.335717E-14
4534.923283,1.311387E-14
4537.877906,1.32778e-14
4540.832529,1.340791E-14
4543.787152,1.330043E-14
4546.741776,1.324412E-14
4549.696399,1.324915E-14
4552.651022,1.338715E-14
4555.605645,1.349869E-14
4558.560268,1.340006E-14
4561.514892,1.32929e-14
4564.469515,1.337746E-14
4567.424138,1.32408e-14
4570.378761,1.319593E-14
4573.333385,1.336995E-14
4576.288008,1.334892E-14
4579.242631,1.327144E-14
4582.197254,1.316625E-14
4585.151877,1.31449e-14
4588.106501,1.305043E-14
4591.061124,1.30799e-14
4594.015747,1.312622E-14
4596.97037,1.314508E-14
4599.924994,1.312118E-14
4602.879617,1.295106E-14
4605.83424,1.28588e-14
4608.788863,1.283708E-14
4611.743486,1.283238E-14
4614.69811,1.272044E-14
4617.652733,1.267422E-14
4620.607356,1.268142E-14
4623.561979,1.298662E-14
4626.516603,1.30187e-14
4629.471226,1.293326E-14
4632.425849,1.279952E-14
4635.380472,1.271406E-14
4638.335095,1.273348E-14
4641.289719,1.274099E-14
4644.244342,1.275851E-14
4647.198965,1.285132E-14
4650.153588,1.284943E-14
4653.108212,1.272036E-14
4656.062835,1.268826E-14
4659.017458,1.270538E-14
4661.972081,1.266473E-14
4664.926704,1.256032E-14
4667.881328,1.255858E-14
4670.835951,1.259552E-14
4673.790574,1.257801E-14
4676.745197,1.260924E-14
4679.699821,1.261803E-14
4682.654444,1.252588E-14
4685.609067,1.238483E-14
4688.56369,1.235213E-14
4691.518313,1.247524E-14
4694.472937,1.259175E-14
4697.42756,1.254066E-14
4700.382183,1.238507E-14
4703.336806,1.225249E-14
4706.29143,1.232414E-14
4709.246053,1.24028e-14
4712.200676,1.247125E-14
4715.155299,1.25382e-14
4718.109922,1.260805E-14
4721.064546,1.259718E-14
4724.019169,1.248911E-14
4726.973792,1.238884E-14
4729.928415,1.241162E-14
4732.883039,1.251447E-14
4735.837662,1.253182E-14
4738.792285,1.252414E-14
4741.746908,1.265016E-14
4744.701531,1.263354E-14
4747.656155,1.264526E-14
4750.610778,1.262256E-14
4753.565401,1.249256E-14
4756.520024,1.26194e-14
4759.474648,1.265399E-14
4762.429271,1.248872E-14
4765.383894,1.262293E-14
4768.338517,1.26715e-14
4771.29314,1.245101E-14
4774.247764,1.254506E-14
4777.202387,1.270644E-14
4780.15701,1.258175E-14
4783.111633,1.265895E-14
4786.066257,1.282512E-14
4789.02088,1.269942E-14
4791.975503,1.266605E-14
4794.930126,1.27763e-14
4797.884749,1.269802E-14
4800.839373,1.271253E-14
4803.793996,1.278198E-14
4806.748619,1.27131e-14
4809.703242,1.261179E-14
4812.657866,1.255367E-14
4815.612489,1.267765E-14
4818.567112,1.289601E-14
4821.521735,1.293253E-14
4824.476358,1.296218E-14
4827.430982,1.293986E-14
4830.385605,1.277523E-14
4833.340228,1.274104E-14
4836.294851,1.289104E-14
4839.249475,1.289717E-14
4842.204098,1.292065E-14
4845.158721,1.302606E-14
4848.113344,1.296155E-14
4851.067967,1.283919E-14
4854.022591,1.278805E-14
4856.977214,1.291988E-14
4859.931837,1.297586E-14
4862.88646,1.297675E-14
4865.841084,1.311127E-14
4868.795707,1.313306E-14
4871.75033,1.317946E-14
4874.704953,1.321414E-14
4877.659576,1.315124E-14
4880.6142,1.314827E-14
4883.568823,1.332463E-14
4886.523446,1.329015E-14
4889.478069,1.322079E-14
4892.432693,1.321946E-14
4895.387316,1.315581E-14
4898.341939,1.320373E-14
4901.296562,1.332274E-14
4904.251185,1.331058E-14
4907.205809,1.342025E-14
4910.160432,1.349244E-14
4913.115055,1.336035E-14
4916.069678,1.340871E-14
4919.024302,1.341621E-14
4921.978925,1.33807e-14
4924.933548,1.330449E-14
4927.888171,1.335077E-14
4930.842794,1.3464e-14
4933.797418,1.344478E-14
4936.752041,1.348305E-14
4939.706664,1.364787E-14
4942.661287,1.358319E-14
4945.615911,1.363877E-14
4948.570534,1.372358E-14
4951.525157,1.37754e-14
4954.47978,1.381432E-14
4957.434403,1.369692E-14
4960.389027,1.365943E-14
4963.34365,1.373392E-14
4966.298273,1.397545E-14
4969.252896,1.402936E-14
4972.20752,1.392861E-14
4975.162143,1.39543e-14
4978.116766,1.397686E-14
4981.071389,1.39848e-14
4984.026012,1.397565E-14
4986.980636,1.401394E-14
4989.935259,1.407014E-14
4992.889882,1.40699e-14
4995.844505,1.399688E-14
4998.799129,1.404487E-14
5001.753752,1.420659E-14
5004.708375,1.437353E-14
5007.662998,1.445942E-14
5010.617621,1.436227E-14
5013.572245,1.427232E-14
5016.526868,1.440959E-14
5019.481491,1.437744E-14
5022.436114,1.416778E-14
5025.390738,1.427115E-14
5028.345361,1.44665e-14
5031.299984,1.457232E-14
5034.254607,1.460241E-14
5037.20923,1.452337E-14
5040.163854,1.442182E-14
5043.118477,1.444013E-14
5046.0731,1.460196E-14
5049.027723,1.487004E-14
5051.982347,1.512598E-14
5054.93697,1.5085e-14
5057.891593,1.495133E-14
5060.846216,1.49865e-14
5063.800839,1.500768E-14
5066.755463,1.514687E-14
5069.710086,1.534404E-14
5072.664709,1.530434E-14
5075.619332,1.520992E-14
5078.573956,1.51518e-14
5081.528579,1.526449E-14
5084.483202,1.542743E-14
5087.437825,1.555434E-14
5090.392448,1.560063E-14
5093.347072,1.566113E-14
5096.301695,1.569261E-14
5099.256318,1.561515E-14
5102.210941,1.557382E-14
5105.165565,1.583855E-14
5108.120188,1.589519E-14
5111.074811,1.588673E-14
5114.029434,1.591106E-14
5116.984057,1.605374E-14
5119.938681,1.605363E-14
5122.893304,1.599024E-14
5125.847927,1.599127E-14
5128.80255,1.601549E-14
5131.757174,1.62235e-14
5134.711797,1.629557E-14
5137.66642,1.623132E-14
5140.621043,1.619864E-14
5143.575666,1.621357E-14
5146.53029,1.615449E-14
5149.484913,1.617006E-14
5152.439536,1.621725E-14
5155.394159,1.610205E-14
5158.348783,1.615429E-14
5161.303406,1.613668E-14
5164.258029,1.610268E-14
5167.212652,1.618859E-14
5170.167275,1.632183E-14
5173.121899,1.628732E-14
5176.076522,1.626126E-14
5179.031145,1.631864E-14
5181.985768,1.638046E-14
5184.940392,1.633225E-14
5187.895015,1.63415e-14
5190.849638,1.663467E-14
5193.804261,1.658299E-14
5196.758884,1.635397E-14
5199.713508,1.622294E-14
5202.668131,1.630016E-14
5205.622754,1.638844E-14
5208.577377,1.65339e-14
5211.532001,1.651091E-14
5214.486624,1.654763E-14
5217.441247,1.660415E-14
5220.39587,1.661569E-14
5223.350493,1.656524E-14
5226.305117,1.643807E-14
5229.25974,1.642101E-14
5232.214363,1.651793E-14
5235.168986,1.65085e-14
5238.12361,1.649373E-14
5241.078233,1.650133E-14
5244.032856,1.647222E-14
5246.987479,1.652657E-14
5249.942102,1.643106E-14
5252.896726,1.623562E-14
5255.851349,1.613048E-14
5258.805972,1.618127E-14
5261.760595,1.612743E-14
5264.715219,1.626839E-14
5267.669842,1.627059E-14
5270.624465,1.620149E-14
5273.579088,1.606206E-14
5276.533711,1.607968E-14
5279.488335,1.615116E-14
5282.442958,1.601321E-14
5285.397581,1.590152E-14
5288.352204,1.590976E-14
5291.306828,1.586198E-14
5294.261451,1.588728E-14
5297.216074,1.580699E-14
5300.170697,1.583649E-14
5303.12532,1.577485E-14
5306.079944,1.567271E-14
5309.034567,1.55983e-14
5311.98919,1.557787E-14
5314.943813,1.560448E-14
5317.898437,1.552629E-14
5320.85306,1.544938E-14
5323.807683,1.542391E-14
5326.762306,1.542347E-14
5329.716929,1.548189E-14
5332.671553,1.54812e-14
5335.626176,1.537443E-14
5338.580799,1.530162E-14
5341.535422,1.526776E-14
5344.490046,1.525395E-14
5347.444669,1.518928E-14
5350.399292,1.508886E-14
5353.353915,1.505423E-14
5356.308538,1.498863E-14
5359.263162,1.49022e-14
5362.217785,1.485767E-14
5365.172408,1.484421E-14
5368.127031,1.476104E-14
5371.081655,1.472926E-14
5374.036278,1.482507E-14
5376.990901,1.483744E-14
5379.945524,1.481052E-14
5382.900147,1.472408E-14
5385.854771,1.458417E-14
5388.809394,1.461014E-14
5391.764017,1.469134E-14
5394.71864,1.460512E-14
5397.673264,1.43344e-14
5400.627887,1.419131E-14
5403.58251,1.425502E-14
5406.537133,1.437647E-14
5409.491756,1.434654E-14
5412.44638,1.422352E-14
5415.401003,1.417794E-14
5418.355626,1.417536E-14
5421.310249,1.420719E-14
5424.264873,1.411623E-14
5427.219496,1.399446E-14
5430.174119,1.395026E-14
5433.128742,1.384075E-14
5436.083365,1.376956E-14
5439.037989,1.383271E-14
5441.992612,1.385024E-14
5444.947235,1.373852E-14
5447.901858,1.367662E-14
5450.856482,1.358857E-14
5453.811105,1.345623E-14
5456.765728,1.346744E-14
5459.720351,1.350683E-14
5462.674974,1.346045E-14
5465.629598,1.340497E-14
5468.584221,1.340119E-14
5471.538844,1.343768E-14
5474.493467,1.338864E-14
5477.448091,1.327186E-14
5480.402714,1.321057E-14
5483.357337,1.312693E-14
5486.31196,1.31005e-14
5489.266583,1.313329E-14
5492.221207,1.313571E-14
5495.17583,1.310625E-14
5498.130453,1.301503E-14
5501.085076,1.286939E-14
5504.0397,1.281133E-14
5506.994323,1.280319E-14
5509.948946,1.273271E-14
5512.903569,1.278231E-14
5515.858192,1.287437E-14
5518.812816,1.279264E-14
5521.767439,1.276557E-14
5524.722062,1.279435E-14
5527.676685,1.27145e-14
5530.631309,1.264863E-14
5533.585932,1.264345E-14
5536.540555,1.254446E-14
5539.495178,1.249209E-14
5542.449801,1.248399E-14
5545.404425,1.245024E-14
5548.359048,1.240494E-14
5551.313671,1.247838E-14
5554.268294,1.251592E-14
5557.222918,1.24096e-14
5560.177541,1.234224E-14
5563.132164,1.237334E-14
5566.086787,1.235596E-14
5569.04141,1.223407E-14
5571.996034,1.217962E-14
5574.950657,1.226203E-14
5577.90528,1.229375E-14
5580.859903,1.218871E-14
5583.814527,1.203239E-14
5586.76915,1.1897e-14
5589.723773,1.18609e-14
5592.678396,1.188672E-14
5595.633019,1.198435E-14
5598.587643,1.205363E-14
5601.542266,1.204026E-14
5604.496889,1.204671E-14
5607.451512,1.204023E-14
5610.406136,1.195313E-14
5613.360759,1.188181E-14
5616.315382,1.187309E-14
5619.270005,1.181987E-14
5622.224628,1.186022E-14
5625.179252,1.186854E-14
5628.133875,1.177614E-14
5631.088498,1.174821E-14
5634.043121,1.16931e-14
5636.997745,1.158635E-14
5639.952368,1.162531E-14
5642.906991,1.166015E-14
5645.861614,1.154455E-14
5648.816237,1.151833E-14
5651.770861,1.152528E-14
5654.725484,1.153611E-14
5657.680107,1.158269E-14
5660.63473,1.158517E-14
5663.589354,1.152976E-14
5666.543977,1.145186E-14
5669.4986,1.14258e-14
5672.453223,1.135729E-14
5675.407846,1.130115E-14
5678.36247,1.127249E-14
5681.317093,1.128097E-14
5684.271716,1.131265E-14
5687.226339,1.12855e-14
5690.180963,1.125174E-14
5693.135586,1.13377e-14
5696.090209,1.135484E-14
5699.044832,1.12645e-14
5701.999455,1.126277E-14
5704.954079,1.124784E-14
5707.908702,1.125193E-14
5710.863325,1.130054E-14
5713.817948,1.130383E-14
5716.772572,1.125176E-14
5719.727195,1.114769E-14
5722.681818,1.111095E-14
5725.636441,1.119567E-14
5728.591064,1.117863E-14
5731.545688,1.111015E-14
5734.500311,1.105869E-14
5737.454934,1.100975E-14
5740.409557,1.100705E-14
5743.364181,1.103259E-14
5746.318804,1.097175E-14
5749.273427,1.093346E-14
5752.22805,1.096885E-14
5755.182673,1.095824E-14
5758.137297,1.083497E-14
5761.09192,1.068564E-14
5764.046543,1.074702E-14
5767.001166,1.081888E-14
5769.95579,1.071073E-14
5772.910413,1.063105E-14
5775.865036,1.058386E-14
5778.819659,1.052319E-14
5781.774282,1.045943E-14
5784.728906,1.039332E-14
5787.683529,1.040508E-14
5790.638152,1.034454E-14
5793.592775,1.027541E-14
5796.547399,1.023749E-14
5799.502022,1.029872E-14
5802.456645,1.030852E-14
5805.411268,1.027033E-14
5808.365891,1.022248E-14
5811.320515,1.021727E-14
5814.275138,1.024674E-14
5817.229761,1.024539E-14
5820.184384,1.02331e-14
5823.139008,1.02256e-14
5826.093631,1.020733E-14
5829.048254,1.019432E-14
5832.002877,1.018433E-14
5834.9575,1.013288E-14
5837.912124,1.00682e-14
5840.866747,1.005966E-14
5843.82137,1.006285E-14
5846.775993,1.00557e-14
5849.730617,1.003077E-14
5852.68524,1.00142e-14
5855.639863,9.981478E-15
5858.594486,9.884598E-15
5861.549109,9.844243E-15
5864.503733,9.905485E-15
5867.458356,9.893502E-15
5870.412979,9.826782E-15
5873.367602,9.819475E-15
5876.322226,9.735961E-15
5879.276849,9.650731E-15
5882.231472,9.618819E-15
5885.186095,9.539634E-15
5888.140718,9.468519E-15
5891.095342,9.48099e-15
5894.049965,9.417968E-15
5897.004588,9.36831e-15
5899.959211,9.323963E-15
5902.913835,9.381152E-15
5905.868458,9.527906E-15
5908.823081,9.609576E-15
5911.777704,9.540238E-15
5914.732327,9.541386E-15
5917.686951,9.662185E-15
5920.641574,9.749525E-15
5923.596197,9.735004E-15
5926.55082,9.724381E-15
5929.505444,9.756113E-15
5932.460067,9.735483E-15
5935.41469,9.659217E-15
5938.369313,9.609511E-15
5941.323936,9.540716E-15
5944.27856,9.520458E-15
5947.233183,9.620372E-15
5950.187806,9.649443E-15
5953.142429,9.590979E-15
5956.097053,9.59662e-15
5959.051676,9.610878E-15
5962.006299,9.569714E-15
5964.960922,9.555193E-15
5967.915545,9.498199E-15
5970.870169,9.455118E-15
5973.824792,9.530328E-15
5976.779415,9.590924E-15
5979.734038,9.553733E-15
5982.688662,9.57659e-15
5985.643285,9.621739E-15
5988.597908,9.624912E-15
5991.552531,9.624615E-15
5994.507154,9.58898e-15
5997.461778,9.578697E-15
6000.416401,9.581076E-15
6003.371024,9.592425E-15
6006.325647,9.653882E-15
6009.280271,9.728537E-15
6012.234894,9.733668E-15
6015.189517,9.715772E-15
6018.14414,9.686482E-15
6021.098763,9.647937E-15
6024.053387,9.654542E-15
6027.00801,9.64642e-15
6029.962633,9.60336e-15
6032.917256,9.59405e-15
6035.87188,9.593756E-15
6038.826503,9.653745E-15
6041.781126,9.711233E-15
6044.735749,9.710702E-15
6047.690372,9.685386E-15
6050.644996,9.692115E-15
6053.599619,9.671311E-15
6056.554242,9.704515E-15
6059.508865,9.771832E-15
6062.463489,9.743744E-15
6065.418112,9.703633E-15
6068.372735,9.709464E-15
6071.327358,9.66374e-15
6074.281981,9.640119E-15
6077.236605,9.674771E-15
6080.191228,9.664355E-15
6083.145851,9.616085E-15
6086.100474,9.632687E-15
6089.055098,9.661824E-15
6092.009721,9.621415E-15
6094.964344,9.588858E-15
6097.918967,9.628799E-15
6100.87359,9.704369E-15
6103.828214,9.772087E-15
6106.782837,9.776058E-15
6109.73746,9.698061E-15
6112.692083,9.724878E-15
6115.646707,9.742848E-15
6118.60133,9.699711E-15
6121.555953,9.767488E-15
6124.510576,9.811475E-15
6127.465199,9.839618E-15
6130.419823,9.880465E-15
6133.374446,9.855218E-15
6136.329069,9.862099E-15
6139.283692,9.983876E-15
6142.238316,1.002158E-14
6145.192939,9.94815e-15
6148.147562,9.923658E-15
6151.102185,9.982596E-15
6154.056808,1.005092E-14
6157.011432,1.006366E-14
6159.966055,1.00461e-14
6162.920678,1.002757E-14
6165.875301,1.002441E-14
6168.829925,1.001857E-14
6171.784548,9.983246E-15
6174.739171,1.000143E-14
6177.693794,1.005907E-14
6180.648417,1.012694E-14
6183.603041,1.021712E-14
6186.557664,1.023538E-14
6189.512287,1.012241E-14
6192.46691,1.013234E-14
6195.421534,1.016078E-14
6198.376157,1.01457e-14
6201.33078,1.018315E-14
6204.285403,1.024412E-14
6207.240026,1.024958E-14
6210.19465,1.017851E-14
6213.149273,1.01371e-14
6216.103896,1.013703E-14
6219.058519,1.01094e-14
6222.013143,1.012814E-14
6224.967766,1.013608E-14
6227.922389,1.013118E-14
6230.877012,1.014003E-14
6233.831635,1.01226e-14
6236.786259,1.018826E-14
6239.740882,1.02303e-14
6242.695505,1.018007E-14
6245.650128,1.014104E-14
6248.604752,1.014966E-14
6251.559375,1.024265E-14
6254.513998,1.030464E-14
6257.468621,1.023749E-14
6260.423244,1.023042E-14
6263.377868,1.028024E-14
6266.332491,1.035007E-14
6269.287114,1.031813E-14
6272.241737,1.021557E-14
6275.196361,1.010737E-14
6278.150984,1.000387E-14
6281.105607,9.963062E-15
6284.06023,1.000532E-14
6287.014853,1.004173E-14
6289.969477,1.00698e-14
6292.9241,1.014674E-14
6295.878723,1.015904E-14
6298.833346,1.010189E-14
6301.78797,1.01938e-14
6304.742593,1.029458E-14
6307.697216,1.021391E-14
6310.651839,1.016338E-14
6313.606462,1.02049e-14
6316.561086,1.021948E-14
6319.515709,1.023922E-14
6322.470332,1.028869E-14
6325.424955,1.030617E-14
6328.379579,1.028364E-14
6331.334202,1.022775E-14
6334.288825,1.021421E-14
6337.243448,1.028158E-14
6340.198071,1.030236E-14
6343.152695,1.019969E-14
6346.107318,1.015499E-14
6349.061941,1.011393E-14
6352.016564,1.008755E-14
6354.971188,1.016531E-14
6357.925811,1.012522E-14
6360.880434,1.004818E-14
6363.835057,1.006838E-14
6366.78968,1.006583E-14
6369.744304,1.005965E-14
6372.698927,1.006185E-14
6375.65355,1.007372E-14
6378.608173,1.008587E-14
6381.562797,1.017616E-14
6384.51742,1.016157E-14
6387.472043,1.009617E-14
6390.426666,1.00441e-14
6393.381289,9.998867E-15
6396.335913,9.955233E-15
6399.290536,9.990987E-15
6402.245159,1.003253E-14
6405.199782,1.003589E-14
6408.154406,1.003827E-14
6411.109029,1.000324E-14
6414.063652,9.952428E-15
6417.018275,9.889065E-15
6419.972898,9.778625E-15
6422.927522,9.809489E-15
6425.882145,9.88473e-15
6428.836768,9.932751E-15
6431.791391,9.889324E-15
6434.746015,9.800921E-15
6437.700638,9.801163E-15
6440.655261,9.840603E-15
6443.609884,9.886786E-15
6446.564507,9.881476E-15
6449.519131,9.763938E-15
6452.473754,9.698616E-15
6455.428377,9.740319E-15
6458.383,9.744827E-15
6461.337624,9.689048E-15
6464.292247,9.707783E-15
6467.24687,9.733597E-15
6470.201493,9.634483E-15
6473.156116,9.546961E-15
6476.11074,9.55051e-15
6479.065363,9.543704E-15
6482.019986,9.515694E-15
6484.974609,9.531315E-15
6487.929233,9.569274E-15
6490.883856,9.573103E-15
6493.838479,9.572281E-15
6496.793102,9.529132E-15
6499.747725,9.534101E-15
6502.702349,9.589291E-15
6505.656972,9.623371E-15
6508.611595,9.629335E-15
6511.566218,9.545825E-15
6514.520842,9.459668E-15
6517.475465,9.452932E-15
6520.430088,9.478272E-15
6523.384711,9.556584E-15
6526.339334,9.579654E-15
6529.293958,9.478713E-15
6532.248581,9.39483e-15
6535.203204,9.36925e-15
6538.157827,9.375824E-15
6541.112451,9.377881E-15
6544.067074,9.346649E-15
6547.021697,9.31301e-15
6549.97632,9.285233E-15
6552.930943,9.270213E-15
6555.885567,9.252364E-15
6558.84019,9.184346E-15
6561.794813,9.120014E-15
6564.749436,9.136425E-15
6567.70406,9.131153E-15
6570.658683,9.071042E-15
6573.613306,9.026326E-15
6576.567929,9.018021E-15
6579.522552,9.011085E-15
6582.477176,8.987707E-15
6585.431799,8.986561E-15
6588.386422,8.928541E-15
6591.341045,8.889269E-15
6594.295669,8.893577E-15
6597.250292,8.908885E-15
6600.204915,8.88435e-15
6603.159538,8.89529e-15
6606.114161,8.893746E-15
6609.068785,8.822053E-15
6612.023408,8.84173e-15
6614.978031,8.93843e-15
6617.932654,8.994206E-15
6620.887278,9.05289e-15
6623.841901,9.058417E-15
6626.796524,8.887593E-15
6629.751147,8.707642E-15
6632.70577,8.650554E-15
6635.660394,8.605383E-15
6638.615017,8.607161E-15
6641.56964,8.636118E-15
6644.524263,8.675816E-15
6647.478887,8.63707e-15
6650.43351,8.534029E-15
6653.388133,8.503729E-15
6656.342756,8.499271E-15
6659.297379,8.430386E-15
6662.252003,8.392138E-15
6665.206626,8.439862E-15
6668.161249,8.473704E-15
6671.115872,8.439513E-15
6674.070496,8.416282E-15
6677.025119,8.406663E-15
6679.979742,8.371978E-15
6682.934365,8.323913E-15
6685.888988,8.283839E-15
6688.843612,8.326314E-15
6691.798235,8.338169E-15
6694.752858,8.281645E-15
6697.707481,8.208111E-15
6700.662105,8.145488E-15
6703.616728,8.090854E-15
6706.571351,8.061744E-15
6709.525974,8.047858E-15
6712.480597,8.090686E-15
6715.435221,8.141128E-15
6718.389844,8.101071E-15
6721.344467,8.015078E-15
6724.29909,7.980705E-15
6727.253714,7.993259E-15
6730.208337,7.992552E-15
6733.16296,7.974238E-15
6736.117583,7.963359E-15
6739.072206,7.978185E-15
6742.02683,7.962576E-15
6744.981453,7.95257e-15
6747.936076,7.939666E-15
6750.890699,7.898928E-15
6753.845323,7.86467e-15
6756.799946,7.836372E-15
6759.754569,7.820291E-15
6762.709192,7.80054e-15
6765.663815,7.740821E-15
6768.618439,7.704489E-15
6771.573062,7.714435E-15
6774.527685,7.715071E-15
6777.482308,7.713092E-15
6780.436932,7.744469E-15
6783.391555,7.801832E-15
6786.346178,7.786555E-15
6789.300801,7.728634E-15
6792.255424,7.645289E-15
6795.210048,7.544731E-15
6798.164671,7.479288E-15
6801.119294,7.486084E-15
6804.073917,7.525576E-15
6807.028541,7.530963E-15
6809.983164,7.535393E-15
6812.937787,7.47123e-15
6815.89241,7.368401E-15
6818.847034,7.288977E-15
6821.801657,7.211347E-15
6824.75628,7.242893E-15
6827.710903,7.275921E-15
6830.665526,7.228011E-15
6833.62015,7.235554E-15
6836.574773,7.324848E-15
6839.529396,7.226727E-15
6842.484019,7.137897E-15
6845.438643,7.114371E-15
6848.393266,7.073302E-15
6851.347889,7.031601E-15
6854.302512,7.00019e-15
6857.257135,6.97634e-15
6860.211759,6.979156E-15
6863.166382,7.063566E-15
6866.121005,7.139575E-15
6869.075628,7.039034E-15
6872.030252,6.718132E-15
6874.984875,6.428153E-15
6877.939498,6.354169E-15
6880.894121,6.466327E-15
6883.848744,6.554792E-15
6886.803368,6.608746E-15
6889.757991,6.677674E-15
6892.712614,6.65504e-15
6895.667237,6.578948E-15
6898.621861,6.527465E-15
6901.576484,6.443754E-15
6904.531107,6.402516E-15
6907.48573,6.423519E-15
6910.440353,6.405506E-15
6913.394977,6.436862E-15
6916.3496,6.504198E-15
6919.304223,6.501419E-15
6922.258846,6.508104E-15
6925.21347,6.466921E-15
6928.168093,6.411138E-15
6931.122716,6.383184E-15
6934.077339,6.321553E-15
6937.031962,6.301001E-15
6939.986586,6.308544E-15
6942.941209,6.276694E-15
6945.895832,6.231128E-15
6948.850455,6.236865E-15
6951.805079,6.196524E-15
6954.759702,6.088534E-15
6957.714325,6.022132E-15
6960.668948,5.999096E-15
6963.623571,5.992402E-15
6966.578195,5.963975E-15
6969.532818,6.020185E-15
6972.487441,6.076472E-15
6975.442064,6.068475E-15
6978.396688,6.067314E-15
6981.351311,6.007305E-15
6984.305934,5.861451E-15
6987.260557,5.760946E-15
6990.21518,5.697228E-15
6993.169804,5.619497E-15
6996.124427,5.604647E-15
6999.07905,5.65455e-15
7002.033673,5.654667E-15
7004.988297,5.647604E-15
7007.94292,5.605036E-15
7010.897543,5.50785e-15
7013.852166,5.40532e-15
7016.806789,5.372832E-15
7019.761413,5.38757e-15
7022.716036,5.419939E-15
7025.670659,5.448245E-15
7028.625282,5.39804e-15
7031.579906,5.323802E-15
7034.534529,5.306855E-15
7037.489152,5.280355E-15
7040.443775,5.246763E-15
7043.398398,5.232445E-15
7046.353022,5.214027E-15
7049.307645,5.215393E-15
7052.262268,5.225521E-15
7055.216891,5.257373E-15
7058.171515,5.292455E-15
7061.126138,5.284517E-15
7064.080761,5.209779E-15
7067.035384,5.135407E-15
7069.990007,5.131016E-15
7072.944631,5.135328E-15
7075.899254,5.12488e-15
7078.853877,5.11602e-15
7081.8085,5.110302E-15
7084.763124,5.115796E-15
7087.717747,5.142474E-15
7090.67237,5.170782E-15
7093.626993,5.14964e-15
7096.581616,5.126842E-15
7099.53624,5.087183E-15
7102.490863,4.99981e-15
7105.445486,4.919011E-15
7108.400109,4.915143E-15
7111.354733,4.90202e-15
7114.309356,4.860204E-15
7117.263979,4.852188E-15
7120.218602,4.869917E-15
7123.173225,4.893621E-15
7126.127849,4.87816e-15
7129.082472,4.829119E-15
7132.037095,4.782959E-15
7134.991718,4.710513E-15
7137.946342,4.641994E-15
7140.900965,4.562283E-15
7143.855588,4.498773E-15
7146.810211,4.483218E-15
7149.764834,4.518188E-15
7152.719458,4.519249E-15
7155.674081,4.502252E-15
7158.628704,4.511755E-15
7161.583327,4.509932E-15
7164.537951,4.478345E-15
7167.492574,4.459485E-15
7170.447197,4.455634E-15
7173.40182,4.397629E-15
7176.356443,4.303251E-15
7179.311067,4.247952E-15
7182.26569,4.303298E-15
7185.220313,4.342112E-15
7188.174936,4.282695E-15
7191.12956,4.245108E-15
7194.084183,4.236489E-15
7197.038806,4.229071E-15
7199.993429,4.202504E-15
7202.948052,4.156531E-15
7205.902676,4.095273E-15
7208.857299,4.047832E-15
7211.811922,4.061016E-15
7214.766545,4.124588E-15
7217.721169,4.191067E-15
7220.675792,4.221821E-15
7223.630415,4.195505E-15
7226.585038,4.130379E-15
7229.539661,4.106456E-15
7232.494285,4.073508E-15
7235.448908,4.057477E-15
7238.403531,4.032273E-15
7241.358154,4.002181E-15
7244.312778,4.039489E-15
7247.267401,4.060749E-15
7250.222024,4.014636E-15
7253.176647,3.976872E-15
7256.13127,4.011485E-15
7259.085894,4.076989E-15
7262.040517,4.088946E-15
7264.99514,4.025685E-15
7267.949763,3.995464E-15
7270.904387,4.056518E-15
7273.85901,4.131677E-15
7276.813633,4.090115E-15
7279.768256,4.009858E-15
7282.722879,3.992545E-15
7285.677503,3.971794E-15
7288.632126,3.942037E-15
7291.586749,3.94856e-15
7294.541372,3.907173E-15
7297.495996,3.864317E-15
7300.450619,3.851434E-15
7303.405242,3.856728E-15
7306.359865,3.869858E-15
7309.314488,3.858747E-15
7312.269112,3.876618E-15
7315.223735,3.916143E-15
7318.178358,3.921216E-15
7321.132981,3.854124E-15
7324.087605,3.801727E-15
7327.042228,3.843946E-15
7329.996851,3.910977E-15
7332.951474,3.900031E-15
7335.906097,3.864988E-15
7338.860721,3.898182E-15
7341.815344,3.928358E-15
7344.769967,3.898438E-15
7347.72459,3.890468E-15
7350.679214,3.88956e-15
7353.633837,3.871514E-15
7356.58846,3.877357E-15
7359.543083,3.880938E-15
7362.497706,3.825248E-15
7365.45233,3.76233e-15
7368.406953,3.762592E-15
7371.361576,3.812741E-15
7374.316199,3.896128E-15
7377.270823,3.957038E-15
7380.225446,3.947604E-15
7383.180069,3.945448E-15
7386.134692,3.959694E-15
7389.089315,3.963407E-15
7392.043939,3.933859E-15
7394.998562,3.846877E-15
7397.953185,3.77826e-15
7400.907808,3.764729E-15
7403.862432,3.774965E-15
7406.817055,3.803274E-15
7409.771678,3.851346E-15
7412.726301,3.889313E-15
7415.680924,3.899283E-15
7418.635548,3.908519E-15
7421.590171,3.920945E-15
7424.544794,3.898801E-15
7427.499417,3.827041E-15
7430.454041,3.75302e-15
7433.408664,3.768594E-15
7436.363287,3.809952E-15
7439.31791,3.797262E-15
7442.272533,3.791938E-15
7445.227157,3.814246E-15
7448.18178,3.856708E-15
7451.136403,3.911609E-15
7454.091026,3.90431e-15
7457.04565,3.856112E-15
7460.000273,3.828714E-15
7462.954896,3.765472E-15
7465.909519,3.709123E-15
7468.864142,3.683775E-15
7471.818766,3.690142E-15
7474.773389,3.743719E-15
7477.728012,3.789013E-15
7480.682635,3.853485E-15
7483.637259,3.906283E-15
7486.591882,3.906945E-15
7489.546505,3.878141E-15
7492.501128,3.816079E-15
7495.455751,3.757507E-15
7498.410375,3.726248E-15
7501.364998,3.662583E-15
7504.319621,3.598461E-15
7507.274244,3.635158E-15
7510.228868,3.744045E-15
7513.183491,3.818025E-15
7516.138114,3.832111E-15
7519.092737,3.839189E-15
7522.04736,3.892333E-15
7525.001984,3.911752E-15
7527.956607,3.860093E-15
7530.91123,3.79371e-15
7533.865853,3.741284E-15
7536.820477,3.711327E-15
7539.7751,3.692762E-15
7542.729723,3.70851e-15
7545.684346,3.778046E-15
7548.638969,3.80498e-15
7551.593593,3.794175E-15
7554.548216,3.847144E-15
7557.502839,3.856646E-15
7560.457462,3.759918E-15
7563.412086,3.684929E-15
7566.366709,3.680597E-15
7569.321332,3.70281e-15
7572.275955,3.688481E-15
7575.230578,3.631957E-15
7578.185202,3.563804E-15
7581.139825,3.520481E-15
7584.094448,3.550544E-15
7587.049071,3.634081E-15
7590.003695,3.747488E-15
7592.958318,3.877912E-15
7595.912941,3.946813E-15
7598.867564,3.942153E-15
7601.822187,3.834817E-15
7604.776811,3.628735E-15
7607.731434,3.371783E-15
7610.686057,3.039632E-15
7613.64068,2.880864E-15
7616.595304,3.087059E-15
7619.549927,3.430317E-15
7622.50455,3.652729E-15
7625.459173,3.756465E-15
7628.413796,3.763887E-15
7631.36842,3.616127E-15
7634.323043,3.480258E-15
7637.277666,3.435866E-15
7640.232289,3.404165E-15
7643.186913,3.401244E-15
7646.141536,3.437521E-15
7649.096159,3.467965E-15
7652.050782,3.523894E-15
7655.005405,3.637412E-15
7657.960029,3.769465E-15
7660.914652,3.835935E-15
7663.869275,3.870246E-15
7666.823898,3.917424E-15
7669.778522,3.850688E-15
7672.733145,3.759955E-15
7675.687768,3.781269E-15
7678.642391,3.805432E-15
7681.597014,3.777698E-15
7684.551638,3.818913E-15
7687.506261,3.931142E-15
7690.460884,3.966176E-15
7693.415507,3.925132E-15
7696.370131,3.90203e-15
7699.324754,3.909145E-15
7702.279377,3.88985e-15
7705.234,3.889275E-15
7708.188623,3.946937E-15
7711.143247,4.021637E-15
7714.09787,4.049656E-15
7717.052493,4.015634E-15
7720.007116,3.956687E-15
7722.96174,3.925024E-15
7725.916363,3.977657E-15
7728.870986,4.073417E-15
7731.825609,4.101298E-15
7734.780232,4.08924e-15
7737.734856,4.131045E-15
7740.689479,4.103551E-15
7743.644102,3.988189E-15
7746.598725,3.931715E-15
7749.553349,3.988595E-15
7752.507972,4.043349E-15
7755.462595,4.059747E-15
7758.417218,4.073791E-15
7761.371841,4.107167E-15
7764.326465,4.167418E-15
7767.281088,4.173902E-15
7770.235711,4.153369E-15
7773.190334,4.172893E-15
7776.144958,4.12677e-15
7779.099581,4.006711E-15
7782.054204,3.981199E-15
7785.008827,3.947323E-15
7787.96345,3.913379E-15
7790.918074,4.046042E-15
7793.872697,4.214157E-15
7796.82732,4.2812e-15
7799.781943,4.303363E-15
7802.736567,4.267085E-15
7805.69119,4.239608E-15
7808.645813,4.275802E-15
7811.600436,4.208864E-15
7814.555059,4.082527E-15
7817.509683,4.047961E-15
7820.464306,4.0642e-15
7823.418929,4.116149E-15
7826.373552,4.171643E-15
7829.328176,4.166363E-15
7832.282799,4.176712E-15
7835.237422,4.240881E-15
7838.192045,4.287973E-15
7841.146668,4.302937E-15
7844.101292,4.287909E-15
7847.055915,4.211582E-15
7850.010538,4.124496E-15
7852.965161,4.121115E-15
7855.919785,4.118658E-15
7858.874408,4.08831e-15
7861.829031,4.070061E-15
7864.783654,4.119493E-15
7867.738277,4.305006E-15
7870.692901,4.470652E-15
7873.647524,4.484159E-15
7876.602147,4.445665E-15
7879.55677,4.35747e-15
7882.511394,4.215786E-15
7885.466017,4.13623e-15
7888.42064,4.143525E-15
7891.375263,4.136066E-15
7894.329886,4.111581E-15
7897.28451,4.129569E-15
7900.239133,4.227079E-15
7903.193756,4.343746E-15
7906.148379,4.418693E-15
7909.103003,4.542774E-15
7912.057626,4.698662E-15
7915.012249,4.710489E-15
7917.966872,4.558203E-15
7920.921495,4.360687E-15
7923.876119,4.208944E-15
7926.830742,4.167144E-15
7929.785365,4.221159E-15
7932.739988,4.316384E-15
7935.694612,4.434773E-15
7938.649235,4.584459E-15
7941.603858,4.750457E-15
7944.558481,4.862245E-15
7947.513104,4.897533E-15
7950.467728,4.864887E-15
7953.422351,4.769826E-15
7956.376974,4.577873E-15
7959.331597,4.422751E-15
7962.286221,4.373756E-15
7965.240844,4.386056E-15
7968.195467,4.472432E-15
7971.15009,4.552817E-15
7974.104713,4.662566E-15
7977.059337,4.833685E-15
7980.01396,4.944421E-15
7982.968583,4.948051E-15
7985.923206,4.87831e-15
7988.87783,4.785207E-15
7991.832453,4.747433E-15
7994.787076,4.733094E-15
7997.741699,4.611216E-15
8000.696322,4.456586E-15
8003.650946,4.426601E-15
8006.605569,4.54249e-15
8009.560192,4.738255E-15
8012.514815,4.943629E-15
8015.469439,5.084128E-15
8018.424062,5.127515E-15
8021.378685,5.088342E-15
8024.333308,5.007347E-15
8027.287931,4.942362E-15
8030.242555,4.90138e-15
8033.197178,4.810947E-15
8036.151801,4.665716E-15
8039.106424,4.660018E-15
8042.061048,4.798668E-15
8045.015671,4.87262e-15
8047.970294,4.932001E-15
8050.924917,5.059033E-15
8053.87954,5.184826E-15
8056.834164,5.264199E-15
8059.788787,5.281184E-15
8062.74341,5.264419E-15
8065.698033,5.214395E-15
8068.652657,5.088566E-15
8071.60728,4.987887E-15
8074.561903,4.942333E-15
8077.516526,4.941062E-15
8080.471149,4.987908E-15
8083.425773,4.968056E-15
8086.380396,4.931674E-15
8089.335019,5.012839E-15
8092.289642,5.167298E-15
8095.244266,5.287006E-15
8098.198889,5.344667E-15
8101.153512,5.371625E-15
8104.108135,5.396224E-15
8107.062758,5.373947E-15
8110.017382,5.212578E-15
8112.972005,4.994357E-15
8115.926628,4.811848E-15
8118.881251,4.689335E-15
8121.835875,4.707236E-15
8124.790498,4.813911E-15
8127.745121,4.897407E-15
8130.699744,4.961207E-15
8133.654367,5.096252E-15
8136.608991,5.244654E-15
8139.563614,5.261177E-15
8142.518237,5.194203E-15
8145.47286,5.088068E-15
8148.427484,4.925773E-15
8151.382107,4.761649E-15
8154.33673,4.582121E-15
8157.291353,4.397491E-15
8160.245976,4.296058E-15
8163.2006,4.322863E-15
8166.155223,4.438365E-15
8169.109846,4.607886E-15
8172.064469,4.870265E-15
8175.019093,5.074865E-15
8177.973716,5.071683E-15
8180.928339,5.000843E-15
8183.882962,4.97281e-15
8186.837585,4.980045E-15
8189.792209,4.93012e-15
8192.746832,4.865082E-15
8195.701455,4.802151E-15
8198.656078,4.759264E-15
8201.610702,4.80799e-15
8204.565325,4.970466E-15
8207.519948,5.160921E-15
8210.474571,5.252727E-15
8213.429194,5.29501e-15
8216.383818,5.373519E-15
8219.338441,5.411173E-15
8222.293064,5.369787E-15
8225.247687,5.173806E-15
8228.202311,4.819284E-15
8231.156934,4.594184E-15
8234.111557,4.649838E-15
8237.06618,4.83684e-15
8240.020803,4.987926E-15
8242.975427,5.044595E-15
8245.93005,5.054532E-15
8248.884673,5.110172E-15
8251.839296,5.14678e-15
8254.79392,5.14094e-15
8257.748543,5.201607E-15
8260.703166,5.182075E-15
8263.657789,5.051348E-15
8266.612412,5.065476E-15
8269.567036,5.167394E-15
8272.521659,5.31827e-15
8275.476282,5.44477e-15
8278.430905,5.373659E-15
8281.385529,5.26045e-15
8284.340152,5.220314E-15
8287.294775,5.104843E-15
8290.249398,4.952773E-15
8293.204021,4.914541E-15
8296.158645,5.036964E-15
8299.113268,5.179813E-15
8302.067891,5.242778E-15
8305.022514,5.403509E-15
8307.977138,5.681866E-15
8310.931761,5.87476e-15
8313.886384,5.852998E-15
8316.841007,5.676362E-15
8319.79563,5.497957E-15
8322.750254,5.368003E-15
8325.704877,5.262982E-15
8328.6595,5.216214E-15
8331.614123,5.26151e-15
8334.568747,5.143554E-15
8337.52337,5.040219E-15
8340.477993,5.244427E-15
8343.432616,5.545939E-15
8346.387239,5.767269E-15
8349.341863,5.926084E-15
8352.296486,5.988534E-15
8355.251109,5.992936E-15
8358.205732,5.967581E-15
8361.160356,5.851905E-15
8364.114979,5.7179e-15
8367.069602,5.626632E-15
8370.024225,5.555505E-15
8372.978848,5.466796E-15
8375.933472,5.433291E-15
8378.888095,5.561146E-15
8381.842718,5.69075e-15
8384.797341,5.695278E-15
8387.751965,5.655968E-15
8390.706588,5.709577E-15
8393.661211,5.847863E-15
8396.615834,6.008283E-15
8399.570457,6.148437E-15
8402.525081,6.157243E-15
8405.479704,5.973309E-15
8408.434327,5.81288e-15
8411.38895,5.791328E-15
8414.343574,5.724179E-15
8417.298197,5.615634E-15
8420.25282,5.516732E-15
8423.207443,5.474613E-15
8426.162066,5.544513E-15
8429.11669,5.676114E-15
8432.071313,5.762029E-15
8435.025936,5.755616E-15
8437.980559,5.749137E-15
8440.935183,5.84886e-15
8443.889806,6.046502E-15
8446.844429,6.141146E-15
8449.799052,6.095499E-15
8452.753675,5.946905E-15
8455.708299,5.811076E-15
8458.662922,5.675306E-15
8461.617545,5.524157E-15
8464.572168,5.418617E-15
8467.526792,5.315152E-15
8470.481415,5.239703E-15
8473.436038,5.268713E-15
8476.390661,5.351826E-15
8479.345284,5.465274E-15
8482.299908,5.638008E-15
8485.254531,5.905203E-15
8488.209154,6.108053E-15
8491.163777,6.128327E-15
8494.118401,6.047634E-15
8497.073024,5.936157E-15
8500.027647,5.792719E-15
8502.98227,5.665825E-15
8505.936893,5.539571E-15
8508.891517,5.370793E-15
8511.84614,5.209744E-15
8514.800763,5.074679E-15
8517.755386,5.021876E-15
8520.71001,5.096692E-15
8523.664633,5.221977E-15
8526.619256,5.393522E-15
8529.573879,5.554839E-15
8532.528502,5.632734E-15
8535.483126,5.675711E-15
8538.437749,5.71481e-15
8541.392372,5.66514e-15
8544.346995,5.522945E-15
8547.301619,5.402522E-15
8550.256242,5.29642e-15
8553.210865,5.107076E-15
8556.165488,4.982452E-15
8559.120111,5.008263E-15
8562.074735,5.074487E-15
8565.029358,5.131894E-15
8567.983981,5.084343E-15
8570.938604,5.074607E-15
8573.893228,5.211684E-15
8576.847851,5.349235E-15
8579.802474,5.399217E-15
8582.757097,5.427891E-15
8585.71172,5.501144E-15
8588.666344,5.471432E-15
8591.620967,5.365504E-15
8594.57559,5.319483E-15
8597.530213,5.289158E-15
8600.484837,5.196175E-15
8603.43946,5.074422E-15
8606.394083,4.97162e-15
8609.348706,4.870012E-15
8612.303329,4.822025E-15
8615.257953,4.825754E-15
8618.212576,4.889546E-15
8621.167199,5.068726E-15
8624.121822,5.2384e-15
8627.076446,5.368403E-15
8630.031069,5.482475E-15
8632.985692,5.472737E-15
8635.940315,5.410045E-15
8638.894938,5.331902E-15
8641.849562,5.201759E-15
8644.804185,5.046673E-15
8647.758808,4.890305E-15
8650.713431,4.744677E-15
8653.668055,4.654991E-15
8656.622678,4.621459E-15
8659.577301,4.638052E-15
8662.531924,4.700743E-15
8665.486547,4.756915E-15
8668.441171,4.898237E-15
8671.395794,5.029108E-15
8674.350417,5.032232E-15
8677.30504,4.985476E-15
8680.259664,4.920664E-15
8683.214287,4.857137E-15
8686.16891,4.846407E-15
8689.123533,4.816222E-15
8692.078156,4.692544E-15
8695.03278,4.557446E-15
8697.987403,4.485479E-15
8700.942026,4.496266E-15
8703.896649,4.506677E-15
8706.851273,4.55295e-15
8709.805896,4.760956E-15
8712.760519,5.037848E-15
8715.715142,5.209045E-15
8718.669765,5.207222E-15
8721.624389,5.151294E-15
8724.579012,5.11498e-15
8727.533635,5.041914E-15
8730.488258,4.899299E-15
8733.442882,4.727227E-15
8736.397505,4.641771E-15
8739.352128,4.606256E-15
8742.306751,4.550182E-15
8745.261374,4.495003E-15
8748.215998,4.564456E-15
8751.170621,4.648911E-15
8754.125244,4.704801E-15
8757.079867,4.825009E-15
8760.034491,4.950725E-15
8762.989114,5.040485E-15
8765.943737,5.105991E-15
8768.89836,5.101799E-15
8771.852983,5.098197E-15
8774.807607,5.07229e-15
8777.76223,4.910456E-15
8780.716853,4.759332E-15
8783.671476,4.692048E-15
8786.6261,4.55941e-15
8789.580723,4.543903E-15
8792.535346,4.672554E-15
8795.489969,4.732033E-15
8798.444592,4.751488E-15
8801.399216,4.839265E-15
8804.353839,4.905204E-15
8807.308462,4.908796E-15
8810.263085,4.944253E-15
8813.217709,5.004662E-15
8816.172332,5.062623E-15
8819.126955,4.956118E-15
8822.081578,4.857457E-15
8825.036201,4.852263E-15
8827.990825,4.765795E-15
8830.945448,4.633201E-15
8833.900071,4.540213E-15
8836.854694,4.531246E-15
8839.809318,4.532838E-15
8842.763941,4.4319e-15
8845.718564,4.446478E-15
8848.673187,4.651536E-15
8851.62781,4.760852E-15
8854.582434,4.810979E-15
8857.537057,4.824416E-15
8860.49168,4.866928E-15
8863.446303,4.975283E-15
8866.400927,5.017792E-15
8869.35555,4.990679E-15
8872.310173,4.920986E-15
8875.264796,4.800657E-15
8878.219419,4.689223E-15
8881.174043,4.541434E-15
8884.128666,4.42365e-15
8887.083289,4.393696E-15
8890.037912,4.317468E-15
8892.992536,4.303037E-15
8895.947159,4.34691e-15
8898.901782,4.439189E-15
8901.856405,4.598406E-15
8904.811028,4.767955E-15
8907.765652,4.916815E-15
8910.720275,5.003876E-15
8913.674898,5.03005e-15
8916.629521,4.928679E-15
8919.584145,4.706107E-15
8922.538768,4.531984E-15
8925.493391,4.386136E-15
8928.448014,4.197301E-15
8931.402637,4.008486E-15
8934.357261,3.961978E-15
8937.311884,3.929608E-15
8940.266507,3.967433E-15
8943.22113,4.141983E-15
8946.175754,4.27762e-15
8949.130377,4.341492E-15
8952.085,4.488741E-15
8955.039623,4.618285E-15
8957.994246,4.520416E-15
8960.94887,4.304078E-15
8963.903493,4.053859E-15
8966.858116,3.818564E-15
8969.812739,3.701515E-15
8972.767363,3.67082e-15
8975.721986,3.550033E-15
8978.676609,3.500222E-15
8981.631232,3.609311E-15
8984.585855,3.676368E-15
8987.540479,3.719257E-15
8990.495102,3.797398E-15
8993.449725,3.895946E-15
8996.404348,4.036349E-15
8999.358972,4.443951E-15
9002.313595,4.4311e-15
9005.268218,4.184974E-15
9008.222841,4.005769E-15
9011.177464,3.87778e-15
9014.132088,3.729294E-15
9017.086711,3.551459E-15
9020.041334,3.444743E-15
9022.995957,3.405607E-15
9025.950581,3.405387E-15
9028.905204,3.534108E-15
9031.859827,3.774699E-15
9034.81445,4.099581E-15
9037.769073,4.472713E-15
9040.723697,4.774335E-15
9043.67832,5.022977E-15
9046.632943,5.175099E-15
9049.587566,5.005027E-15
9052.54219,4.64838e-15
9055.496813,4.332625E-15
9058.451436,4.081644E-15
9061.406059,3.896803E-15
9064.360682,3.680635E-15
9067.315306,3.450466E-15
9070.269929,3.384237E-15
9073.224552,3.432414E-15
9076.179175,3.54053e-15
9079.133799,3.787328E-15
9082.088422,4.029482E-15
9085.043045,4.207183E-15
9087.997668,4.434964E-15
9090.952291,4.476071E-15
9093.906915,4.336198E-15
9096.861538,4.368548E-15
9099.816161,4.23342e-15
9102.770784,3.830255E-15
9105.725408,3.61609e-15
9108.680031,3.576909E-15
9111.634654,3.558035E-15
9114.589277,3.497231E-15
9117.5439,3.450428E-15
9120.498524,3.512723E-15
9123.453147,3.645757E-15
9126.40777,3.752555E-15
9129.362393,3.813473E-15
9132.317017,3.889831E-15
9135.27164,4.117376E-15
9138.226263,4.316625E-15
9141.180886,4.380055E-15
9144.135509,4.329311E-15
9147.090133,4.019138E-15
9150.044756,3.584703E-15
9152.999379,3.263113E-15
9155.954002,3.093479E-15
9158.908626,3.188022E-15
9161.863249,3.424241E-15
9164.817872,3.49015e-15
9167.772495,3.468406E-15
9170.727118,3.570126E-15
9173.681742,3.689548E-15
9176.636365,3.889811E-15
9179.590988,4.290188E-15
9182.545611,4.567344E-15
9185.500235,4.554502E-15
9188.454858,4.33455e-15
9191.409481,3.995115E-15
9194.364104,3.740792E-15
9197.318727,3.633405E-15
9200.273351,3.514939E-15
9203.227974,3.440252E-15
9206.182597,3.407267E-15
9209.13722,3.544768E-15
9212.091844,3.781241E-15
9215.046467,3.91734e-15
9218.00109,4.184298E-15
9220.955713,4.600235E-15
9223.910336,4.847227E-15
9226.86496,4.906188E-15
9229.819583,4.82726e-15
9232.774206,4.582012E-15
9235.728829,4.234788E-15
9238.683453,3.844992E-15
9241.638076,3.555903E-15
9244.592699,3.446102E-15
9247.547322,3.411311E-15
9250.501945,3.463508E-15
9253.456569,3.63722e-15
9256.411192,3.834075E-15
9259.365815,4.04846e-15
9262.320438,4.371984E-15
9265.275062,4.67722e-15
9268.229685,4.70631e-15
9271.184308,4.583763E-15
9274.138931,4.411472E-15
9277.093554,4.052366E-15
9280.048178,3.667614E-15
9283.002801,3.38954e-15
9285.957424,3.194931E-15
9288.912047,3.029884E-15
9291.866671,2.873827E-15
9294.821294,2.802192E-15
9297.775917,2.843081E-15
9300.73054,2.929991E-15
9303.685163,3.059615E-15
9306.639787,3.252051E-15
9309.59441,3.305956E-15
9312.549033,3.079442E-15
9315.503656,2.835674E-15
9318.45828,2.596468E-15
9321.412903,2.354166E-15
9324.367526,2.167288E-15
9327.322149,1.974363E-15
9330.276772,1.756815E-15
9333.231396,1.533749E-15
9336.186019,1.426124E-15
9339.140642,1.520549E-15
9342.095265,1.707674E-15
9345.049889,1.949415E-15
9348.004512,2.173246E-15
9350.959135,2.306198E-15
9353.913758,2.428105E-15
9356.868382,2.585235E-15
9359.823005,2.505427E-15
9362.777628,2.117404E-15
9365.732251,1.920296E-15
9368.686874,1.996145E-15
9371.641498,1.975055E-15
9374.596121,1.852369E-15
9377.550744,1.710304E-15
9380.505367,1.634792E-15
9383.459991,1.832308E-15
9386.414614,2.247448E-15
9389.369237,2.641367E-15
9392.32386,2.887683E-15
9395.278483,2.993387E-15
9398.233107,3.132128E-15
9401.18773,3.364918E-15
9404.142353,3.40753e-15
9407.096976,3.291869E-15
9410.0516,3.194239E-15
9413.006223,3.047963E-15
9415.960846,2.798926E-15
9418.915469,2.435699E-15
9421.870092,2.095549E-15
9424.824716,1.8668e-15
9427.779339,1.783164E-15
9430.733962,1.803519E-15
9433.688585,1.898253E-15
9436.643209,2.043818E-15
9439.597832,2.04359e-15
9442.552455,2.093592E-15
9445.507078,2.483267E-15
9448.461701,2.779789E-15
9451.416325,2.755347E-15
9454.370948,2.639085E-15
9457.325571,2.34759e-15
9460.280194,1.940404E-15
9463.234818,1.701343E-15
9466.189441,1.799895E-15
9469.144064,1.968971E-15
9472.098687,1.927768E-15
9475.05331,1.931108E-15
9478.007934,2.030851E-15
9480.962557,2.150321E-15
9483.91718,2.461984E-15
9486.871803,2.709532E-15
9489.826427,2.595864E-15
9492.78105,2.43952e-15
9495.735673,2.514041E-15
9498.690296,2.674363E-15
9501.644919,2.70567e-15
9504.599543,2.593497E-15
9507.554166,2.427073E-15
9510.508789,2.243723E-15
9513.463412,2.080514E-15
9516.418036,1.960451E-15
9519.372659,1.813424E-15
9522.327282,1.776038E-15
9525.281905,2.142479E-15
9528.236528,2.615642E-15
9531.191152,2.727364E-15
9534.145775,2.803889E-15
9537.100398,3.050589E-15
9540.055021,3.109789E-15
9543.009645,3.022632E-15
9545.964268,2.87158e-15
9548.918891,2.544369E-15
9551.873514,2.319684E-15
9554.828137,2.169857E-15
9557.782761,1.953238E-15
9560.737384,1.981246E-15
9563.692007,2.184979E-15
9566.64663,2.206857E-15
9569.601254,2.093757E-15
9572.555877,2.156469E-15
9575.5105,2.599409E-15
9578.465123,2.985352E-15
9581.419746,2.957227E-15
9584.37437,2.812054E-15
9587.328993,2.79646e-15
9590.283616,2.842089E-15
9593.238239,2.775302E-15
9596.192863,2.619749E-15
9599.147486,2.505268E-15
9602.102109,2.285817E-15
9605.056732,2.188852E-15
9608.011355,2.304784E-15
9610.965979,2.250991E-15
9613.920602,2.150269E-15
9616.875225,2.386731E-15
9619.829848,2.744224E-15
9622.784472,2.981874E-15
9625.739095,3.116928E-15
9628.693718,3.197741E-15
9631.648341,3.340707E-15
9634.602964,3.20111e-15
9637.557588,2.843739E-15
9640.512211,2.764551E-15
9643.466834,2.690929E-15
9646.421457,2.468921E-15
9649.376081,2.253877E-15
9652.330704,2.075131E-15
9655.285327,2.143618E-15
9658.23995,2.373278E-15
9661.194573,2.566575E-15
9664.149197,2.789591E-15
9667.10382,2.917466E-15
9670.058443,3.143381E-15
9673.013066,3.670761E-15
9675.96769,3.993971E-15
9678.922313,3.910705E-15
9681.876936,3.61457e-15
9684.831559,3.382412E-15
9687.786182,3.17219e-15
9690.740806,2.789419E-15
9693.695429,2.539701E-15
9696.650052,2.464342E-15
9699.604675,2.295522E-15
9702.559299,2.181436E-15
9705.513922,2.243328E-15
9708.468545,2.353087E-15
9711.423168,2.447839E-15
9714.377791,2.715792E-15
9717.332415,3.242909E-15
9720.287038,3.726514E-15
9723.241661,3.807497E-15
9726.196284,3.579237E-15
9729.150908,3.398078E-15
9732.105531,3.226814E-15
9735.060154,2.893757E-15
9738.014777,2.592626E-15
9740.9694,2.465843E-15
9743.924024,2.362872E-15
9746.878647,2.184079E-15
9749.83327,2.095735E-15
9752.787893,2.182766E-15
9755.742517,2.26601e-15
9758.69714,2.322008E-15
9761.651763,2.331413E-15
9764.606386,2.438295E-15
9767.561009,2.728431E-15
9770.515633,2.979074E-15
9773.470256,3.145285E-15
9776.424879,3.133974E-15
9779.379502,3.013748E-15
9782.334126,3.058665E-15
9785.288749,2.936626E-15
9788.243372,2.449159E-15
9791.197995,2.156107E-15
9794.152618,2.137921E-15
9797.107242,2.03529e-15
9800.061865,1.954736E-15
9803.016488,2.079664E-15
9805.971111,2.309342E-15
9808.925735,2.461886E-15
9811.880358,2.447573E-15
9814.834981,2.435062E-15
9817.789604,2.637923E-15
9820.744227,3.005476E-15
9823.698851,3.258634E-15
9826.653474,3.279982E-15
9829.608097,3.149015E-15
9832.56272,2.891325E-15
9835.517344,2.628426E-15
9838.471967,2.544112E-15
9841.42659,2.557609E-15
9844.381213,2.518781E-15
9847.335836,2.513458E-15
9850.29046,2.579341E-15
9853.245083,2.479248E-15
9856.199706,2.348659E-15
9859.154329,2.716636E-15
9862.108953,3.278428E-15
9865.063576,3.374263E-15
9868.018199,3.311336E-15
9870.972822,3.46201e-15
9873.927445,3.7143e-15
9876.882069,3.894733E-15
9879.836692,3.851534E-15
9882.791315,3.703989E-15
9885.745938,3.648211E-15
9888.700562,3.615908E-15
9891.655185,3.48256e-15
9894.609808,3.276998E-15
9897.564431,3.281994E-15
9900.519054,3.368045E-15
9903.473678,3.285375E-15
9906.428301,3.277317E-15
9909.382924,3.495497E-15
9912.337547,3.734494E-15
9915.292171,3.880602E-15
9918.246794,3.992721E-15
9921.201417,4.206649E-15
9924.15604,4.333942E-15
9927.110663,4.40819e-15
9930.065287,4.63913e-15
9933.01991,4.84298e-15
9935.974533,4.640717E-15
9938.929156,4.280341E-15
9941.88378,4.208833E-15
9944.838403,4.193391E-15
9947.793026,4.097426E-15
9950.747649,4.165813E-15
9953.702272,4.302439E-15
9956.656896,4.408173E-15
9959.611519,4.524484E-15
9962.566142,4.528064E-15
9965.520765,4.545013E-15
9968.475389,4.731611E-15
9971.430012,4.899412E-15
9974.384635,5.004079E-15
9977.339258,5.185858E-15
9980.293881,5.214191E-15
9983.248505,4.93083e-15
9986.203128,4.83098e-15
9989.157751,5.005483E-15
9992.112374,4.938308E-15
9995.066998,4.731715E-15
9998.021621,4.677329E-15
10000.97624,4.723395E-15
10003.93087,4.812603E-15
10006.88549,4.895783E-15
10009.84011,4.9928e-15
10012.79474,5.081603E-15
10015.74936,5.182187E-15
10018.70398,5.288981E-15
10021.65861,5.265435E-15
10024.61323,5.199415E-15
10027.56785,5.317581E-15
10030.52248,5.496592E-15
10033.4771,5.478939E-15
10036.43172,5.363742E-15
10039.38635,5.299607E-15
10042.34097,5.211986E-15
10045.29559,5.306622E-15
10048.25022,5.411561E-15
10051.20484,5.23231e-15
10054.15946,5.140435E-15
10057.11409,5.210587E-15
10060.06871,5.228672E-15
10063.02333,5.385957E-15
10065.97795,5.517749E-15
10068.93258,5.429192E-15
10071.8872,5.47168e-15
10074.84182,5.588376E-15
10077.79645,5.612919E-15
10080.75107,5.720293E-15
10083.70569,5.857616E-15
10086.66032,5.87024e-15
10089.61494,5.724382E-15
10092.56956,5.50946e-15
10095.52419,5.406544E-15
10098.47881,5.433608E-15
10101.43343,5.544244E-15
10104.38806,5.745532E-15
10107.34268,5.815203E-15
10110.2973,5.578392E-15
10113.25193,5.404142E-15
10116.20655,5.543391E-15
10119.16117,5.671037E-15
10122.1158,5.70611e-15
10125.07042,5.70519e-15
10128.02504,5.652795E-15
10130.97967,5.771987E-15
10133.93429,5.888828E-15
10136.88891,5.77876e-15
10139.84354,5.688759E-15
10142.79816,5.680256E-15
10145.75278,5.559235E-15
10148.70741,5.521004E-15
10151.66203,5.695873E-15
10154.61665,5.661563E-15
10157.57127,5.447331E-15
10160.5259,5.417312E-15
10163.48052,5.545607E-15
10166.43514,5.706773E-15
10169.38977,5.832806E-15
10172.34439,5.819006E-15
10175.29901,5.76878e-15
10178.25364,5.828158E-15
10181.20826,5.844723E-15
10184.16288,5.802356E-15
10187.11751,5.820674E-15
10190.07213,5.767506E-15
10193.02675,5.695422E-15
10195.98138,5.674364E-15
10198.936,5.611634E-15
10201.89062,5.497213E-15
10204.84525,5.481528E-15
10207.79987,5.674728E-15
